task,model,bleu_score,answer_similarity,exact_match,string_present,non_llm_string_similarity,answer_correctness,answer_relevancy,helpfulness,coherence,adequacy,fluency
qna,gemma:2b,0.0451174219833894,0.8330231569004375,0.0,0.0,0.19857415483394014,0.3159515698161138,0.48990536485580377,0.5583333333333333,0.65,25.708333333333332,90.0
qna,gpt-3.5-turbo,0.08369754945185862,0.8786297155251626,0.0,0.0,0.23692658525590862,0.5264028197822126,0.8366981690991573,0.9833333333333333,0.9,46.041666666666664,93.16666666666667
qna,llama2:7b,0.05244220181201986,0.8688597006654895,0.0,0.0,0.16635833965333197,0.41839434803340564,0.8175375711635444,0.9833333333333333,0.9333333333333333,37.208333333333336,93.375
qna,mistral,0.05101379774301939,0.8669145921645193,0.0,0.0,0.20089946149349017,0.4767333069997725,0.8260638293242965,0.9666666666666667,0.8833333333333333,41.375,92.95833333333333
translation,gemma:2b,0.31918641518326263,0.9468595893755157,0.0,0.0,0.5077447904254191,0.8366014500866857,0.6908915973584921,0.8,0.4,59.5,77.5
translation,gpt-3.5-turbo,0.4718658369190482,0.9841120829469323,0.0,0.0,0.7327753009954007,0.8655289151257068,0.6839228938797338,1.0,1.0,80.5,90.0
translation,llama2:7b,0.3507718640182681,0.9623315966558877,0.0,0.0,0.584487341630158,0.8428909950049308,0.697872686640736,1.0,0.7,74.0,82.5
translation,mistral,0.30826890792101036,0.9551769521155696,0.0,0.0,0.4538369945416047,0.8504002198120484,0.6807264676555997,1.0,0.5,67.0,82.5
